{"original": {"axial": 58820808.15614683, "azimuthal": 5045709.555805875}, "R_scaled": {"axial": 43912706.8627858, "azimuthal": 3762972.1658669817}, "modified": {"axial": 40546085.2315685, "azimuthal": 3840414.822243675}}