{"original": {"axial": 59687981.37305422, "azimuthal": 5125004.865491613}, "R_scaled": {"axial": 44634488.59489018, "azimuthal": 3832462.850231535}, "modified": {"axial": 41235436.3126033, "azimuthal": 3910381.2837784197}}